alpha_2_code,latitude,longitude,country_name,region
AD,42.546245,1.601554,Andorra,Europe
AE,23.424076,53.847818,United Arab Emirates,Eastern Mediterranean
AF,33.93911,67.709953,Afghanistan,Eastern Mediterranean
AG,17.060816,-61.796428,Antigua and Barbuda,Americas
AI,18.220554,-63.068615,Anguilla,Americas
AL,41.153332,20.168331,Albania,Europe
AM,40.069099,45.038189,Armenia,Europe
AN,12.226079,-69.060087,Netherlands Antilles,Americas
AO,-11.202692,17.873887,Angola,Africa
AQ,-75.250973,-0.071389,Antarctica,Other
AR,-38.416097,-63.616672,Argentina,Americas
AS,-14.270972,-170.132217,American Samoa,Western Pacific
AT,47.516231,14.550072,Austria,Europe
AU,-25.274398,133.775136,Australia,Western Pacific
AW,12.52111,-69.968338,Aruba,Americas
AZ,40.143105,47.576927,Azerbaijan,Europe
BA,43.915886,17.679076,Bosnia and Herzegovina,Europe
BB,13.193887,-59.543198,Barbados,Americas
BD,23.684994,90.356331,Bangladesh,South-East Asia
BE,50.503887,4.469936,Belgium,Europe
BF,12.238333,-1.561593,Burkina Faso,Africa
BG,42.733883,25.48583,Bulgaria,Europe
BH,25.930414,50.637772,Bahrain,Eastern Mediterranean
BI,-3.373056,29.918886,Burundi,Africa
BJ,9.30769,2.315834,Benin,Africa
BM,32.321384,-64.75737,Bermuda,Americas
BN,4.535277,114.727669,Brunei,Western Pacific
BO,-16.290154,-63.588653,Bolivia,Americas
BR,-14.235004,-51.92528,Brazil,Americas
BS,25.03428,-77.39628,Bahamas,Americas
BT,27.514162,90.433601,Bhutan,South-East Asia
BV,-54.423199,3.413194,Bouvet Island,Other
BW,-22.328474,24.684866,Botswana,Africa
BY,53.709807,27.953389,Belarus,Europe
BZ,17.189877,-88.49765,Belize,Americas
CA,56.130366,-106.346771,Canada,Americas
CC,-12.164165,96.870956,Cocos [Keeling] Islands,South-East Asia
CD,-4.038333,21.758664,Congo [DRC],Africa
CF,6.611111,20.939444,Central African Republic,Africa
CG,-0.228021,15.827659,Congo [Republic],Africa
CH,46.818188,8.227512,Switzerland,Europe
CI,7.539989,-5.54708,Côte d'Ivoire,Africa
CK,-21.236736,-159.777671,Cook Islands,Western Pacific
CL,-35.675147,-71.542969,Chile,Americas
CM,7.369722,12.354722,Cameroon,Africa
CN,35.86166,104.195397,China,Western Pacific
CO,4.570868,-74.297333,Colombia,Americas
CR,9.748917,-83.753428,Costa Rica,Americas
CU,21.521757,-77.781167,Cuba,Americas
CV,16.002082,-24.013197,Cape Verde,Africa
CX,-10.447525,105.690449,Christmas Island,South-East Asia
CY,35.126413,33.429859,Cyprus,Europe
CZ,49.817492,15.472962,Czech Republic,Europe
DE,51.165691,10.451526,Germany,Europe
DJ,11.825138,42.590275,Djibouti,Eastern Mediterranean
DK,56.26392,9.501785,Denmark,Europe
DM,15.414999,-61.370976,Dominica,Americas
DO,18.735693,-70.162651,Dominican Republic,Americas
DZ,28.033886,1.659626,Algeria,Eastern Mediterranean
EC,-1.831239,-78.183406,Ecuador,Americas
EE,58.595272,25.013607,Estonia,Europe
EG,26.820553,30.802498,Egypt,Eastern Mediterranean
EH,24.215527,-12.885834,Western Sahara,Africa
ER,15.179384,39.782334,Eritrea,Africa
ES,40.463667,-3.74922,Spain,Europe
ET,9.145,40.489673,Ethiopia,Africa
FI,61.92411,25.748151,Finland,Europe
FJ,-16.578193,179.414413,Fiji,Western Pacific
FK,-51.796253,-59.523613,Falkland Islands [Islas Malvinas],Americas
FM,7.425554,150.550812,Micronesia,Western Pacific
FO,61.892635,-6.911806,Faroe Islands,Europe
FR,46.227638,2.213749,France,Europe
GA,-0.803689,11.609444,Gabon,Africa
GB,55.378051,-3.435973,United Kingdom,Europe
GD,12.262776,-61.604171,Grenada,Americas
GE,42.315407,43.356892,Georgia,Europe
GF,3.933889,-53.125782,French Guiana,Americas
GG,49.465691,-2.585278,Guernsey,Europe
GH,7.946527,-1.023194,Ghana,Africa
GI,36.137741,-5.345374,Gibraltar,Europe
GL,71.706936,-42.604303,Greenland,Europe
GM,13.443182,-15.310139,Gambia,Africa
GN,9.945587,-9.696645,Guinea,Africa
GP,16.995971,-62.067641,Guadeloupe,Americas
GQ,1.650801,10.267895,Equatorial Guinea,Africa
GR,39.074208,21.824312,Greece,Europe
GS,-54.429579,-36.587909,South Georgia and the South Sandwich Islands,Other
GT,15.783471,-90.230759,Guatemala,Americas
GU,13.444304,144.793731,Guam,Western Pacific
GW,11.803749,-15.180413,Guinea-Bissau,Africa
GY,4.860416,-58.93018,Guyana,Americas
GZ,31.354676,34.308825,Gaza Strip,Eastern Mediterranean
HK,22.396428,114.109497,Hong Kong,Western Pacific
HM,-53.08181,73.504158,Heard Island and McDonald Islands,Other
HN,15.199999,-86.241905,Honduras,Americas
HR,45.1,15.2,Croatia,Europe
HT,18.971187,-72.285215,Haiti,Americas
HU,47.162494,19.503304,Hungary,Europe
ID,-0.789275,113.921327,Indonesia,South-East Asia
IE,53.41291,-8.24389,Ireland,Europe
IL,31.046051,34.851612,Israel,Europe
IM,54.236107,-4.548056,Isle of Man,Europe
IN,20.593684,78.96288,India,South-East Asia
IO,-6.343194,71.876519,British Indian Ocean Territory,South-East Asia
IQ,33.223191,43.679291,Iraq,Eastern Mediterranean
IR,32.427908,53.688046,Iran,Eastern Mediterranean
IS,64.963051,-19.020835,Iceland,Europe
IT,41.87194,12.56738,Italy,Europe
JE,49.214439,-2.13125,Jersey,Europe
JM,18.109581,-77.297508,Jamaica,Americas
JO,30.585164,36.238414,Jordan,Eastern Mediterranean
JP,36.204824,138.252924,Japan,Western Pacific
KE,-0.023559,37.906193,Kenya,Africa
KG,41.20438,74.766098,Kyrgyzstan,Europe
KH,12.565679,104.990963,Cambodia,Western Pacific
KI,-3.370417,-168.734039,Kiribati,Western Pacific
KM,-11.875001,43.872219,Comoros,Africa
KN,17.357822,-62.782998,Saint Kitts and Nevis,Americas
KP,40.339852,127.510093,North Korea,South-East Asia
KR,35.907757,127.766922,South Korea,Western Pacific
KW,29.31166,47.481766,Kuwait,Eastern Mediterranean
KY,19.513469,-80.566956,Cayman Islands,Americas
KZ,48.019573,66.923684,Kazakhstan,Europe
LA,19.85627,102.495496,Laos,Western Pacific
LB,33.854721,35.862285,Lebanon,Eastern Mediterranean
LC,13.909444,-60.978893,Saint Lucia,Americas
LI,47.166,9.555373,Liechtenstein,Europe
LK,7.873054,80.771797,Sri Lanka,South-East Asia
LR,6.428055,-9.429499,Liberia,Africa
LS,-29.609988,28.233608,Lesotho,Africa
LT,55.169438,23.881275,Lithuania,Europe
LU,49.815273,6.129583,Luxembourg,Europe
LV,56.879635,24.603189,Latvia,Europe
LY,26.3351,17.228331,Libya,Eastern Mediterranean
MA,31.791702,-7.09262,Morocco,Eastern Mediterranean
MC,43.750298,7.412841,Monaco,Europe
MD,47.411631,28.369885,Moldova,Europe
ME,42.708678,19.37439,Montenegro,Europe
MG,-18.766947,46.869107,Madagascar,Africa
MH,7.131474,171.184478,Marshall Islands,Western Pacific
MK,41.608635,21.745275,Macedonia [FYROM],Europe
ML,17.570692,-3.996166,Mali,Africa
MM,21.913965,95.956223,Myanmar [Burma],South-East Asia
MN,46.862496,103.846656,Mongolia,Western Pacific
MO,22.198745,113.543873,Macau,Western Pacific
MP,17.33083,145.38469,Northern Mariana Islands,Western Pacific
MQ,14.641528,-61.024174,Martinique,Americas
MR,21.00789,-10.940835,Mauritania,Africa
MS,16.742498,-62.187366,Montserrat,Americas
MT,35.937496,14.375416,Malta,Europe
MU,-20.348404,57.552152,Mauritius,Africa
MV,3.202778,73.22068,Maldives,South-East Asia
MW,-13.254308,34.301525,Malawi,Africa
MX,23.634501,-102.552784,Mexico,Americas
MY,4.210484,101.975766,Malaysia,Western Pacific
MZ,-18.665695,35.529562,Mozambique,Africa
NA,-22.95764,18.49041,Namibia,Africa
NC,-20.904305,165.618042,New Caledonia,Western Pacific
NE,17.607789,8.081666,Niger,Africa
NF,-29.040835,167.954712,Norfolk Island,Western Pacific
NG,9.081999,8.675277,Nigeria,Africa
NI,12.865416,-85.207229,Nicaragua,Americas
NL,52.132633,5.291266,Netherlands,Europe
NO,60.472024,8.468946,Norway,Europe
NP,28.394857,84.124008,Nepal,South-East Asia
NR,-0.522778,166.931503,Nauru,Western Pacific
NU,-19.054445,-169.867233,Niue,Western Pacific
NZ,-40.900557,174.885971,New Zealand,Western Pacific
OM,21.512583,55.923255,Oman,Eastern Mediterranean
PA,8.537981,-80.782127,Panama,Americas
PE,-9.189967,-75.015152,Peru,Americas
PF,-17.679742,-149.406843,French Polynesia,Western Pacific
PG,-6.314993,143.95555,Papua New Guinea,Western Pacific
PH,12.879721,121.774017,Philippines,Western Pacific
PK,30.375321,69.345116,Pakistan,Eastern Mediterranean
PL,51.919438,19.145136,Poland,Europe
PM,46.941936,-56.27111,Saint Pierre and Miquelon,Americas
PN,-24.703615,-127.439308,Pitcairn Islands,Western Pacific
PR,18.220833,-66.590149,Puerto Rico,Americas
PS,31.952162,35.233154,Palestinian Territories,Eastern Mediterranean
PT,39.399872,-8.224454,Portugal,Europe
PW,7.51498,134.58252,Palau,Western Pacific
PY,-23.442503,-58.443832,Paraguay,Americas
QA,25.354826,51.183884,Qatar,Eastern Mediterranean
RE,-21.115141,55.536384,Réunion,Africa
RO,45.943161,24.96676,Romania,Europe
RS,44.016521,21.005859,Serbia,Europe
RU,61.52401,105.318756,Russia,Europe
RW,-1.940278,29.873888,Rwanda,Africa
SA,23.885942,45.079162,Saudi Arabia,Eastern Mediterranean
SB,-9.64571,160.156194,Solomon Islands,Western Pacific
SC,-4.679574,55.491977,Seychelles,Africa
SD,12.862807,30.217636,Sudan,Eastern Mediterranean
SE,60.128161,18.643501,Sweden,Europe
SG,1.352083,103.819836,Singapore,Western Pacific
SH,-24.143474,-10.030696,Saint Helena,Africa
SI,46.151241,14.995463,Slovenia,Europe
SJ,77.553604,23.670272,Svalbard and Jan Mayen,Europe
SK,48.669026,19.699024,Slovakia,Europe
SL,8.460555,-11.779889,Sierra Leone,Africa
SM,43.94236,12.457777,San Marino,Europe
SN,14.497401,-14.452362,Senegal,Africa
SO,5.152149,46.199616,Somalia,Eastern Mediterranean
SR,3.919305,-56.027783,Suriname,Americas
ST,0.18636,6.613081,São Tomé and Príncipe,Africa
SV,13.794185,-88.89653,El Salvador,Americas
SY,34.802075,38.996815,Syria,Eastern Mediterranean
SZ,-26.522503,31.465866,Swaziland,Africa
TC,21.694025,-71.797928,Turks and Caicos Islands,Americas
TD,15.454166,18.732207,Chad,Africa
TF,-49.280366,69.348557,French Southern Territories,Other
TG,8.619543,0.824782,Togo,Africa
TH,15.870032,100.992541,Thailand,South-East Asia
TJ,38.861034,71.276093,Tajikistan,Europe
TK,-8.967363,-171.855881,Tokelau,Western Pacific
TL,-8.874217,125.727539,Timor-Leste,South-East Asia
TM,38.969719,59.556278,Turkmenistan,Europe
TN,33.886917,9.537499,Tunisia,Eastern Mediterranean
TO,-21.178986,-175.198242,Tonga,Western Pacific
TR,38.963745,35.243322,Turkey,Europe
TT,10.691803,-61.222503,Trinidad and Tobago,Americas
TV,-7.109535,177.64933,Tuvalu,Western Pacific
TW,23.69781,120.960515,Taiwan,Western Pacific
TZ,-6.369028,34.888822,Tanzania,Africa
UA,48.379433,31.16558,Ukraine,Europe
UG,1.373333,32.290275,Uganda,Africa
US,37.09024,-95.712891,United States,Americas
UY,-32.522779,-55.765835,Uruguay,Americas
UZ,41.377491,64.585262,Uzbekistan,Europe
VA,41.902916,12.453389,Vatican City,Europe
VC,12.984305,-61.287228,Saint Vincent and the Grenadines,Americas
VE,6.42375,-66.58973,Venezuela,Americas
VG,18.420695,-64.639968,British Virgin Islands,Americas
VI,18.335765,-64.896335,U.S. Virgin Islands,Americas
VN,14.058324,108.277199,Vietnam,Western Pacific
VU,-15.376706,166.959158,Vanuatu,Western Pacific
WF,-13.768752,-177.156097,Wallis and Futuna,Western Pacific
WS,-13.759029,-172.104629,Samoa,Western Pacific
XK,42.602636,20.902977,Kosovo,Europe
YE,15.552727,48.516388,Yemen,Eastern Mediterranean
YT,-12.8275,45.166244,Mayotte,Africa
ZA,-30.559482,22.937506,South Africa,Africa
ZM,-13.133897,27.849332,Zambia,Africa
ZW,-19.015438,29.154857,Zimbabwe,Africa